Biologique,Climat,Eau,Social,Gouvernance,Déchets,Négatif
Pure,Air pur,Claire,Aide,Juste,Propre,Dur
Vert,Propre,Propre,Partage,Clair,Simple,Gris
Naturel,Solaire,Pure,Amitié,Vrai,Sec,Lourd
Sain,Nature,Vive,Union,Droit,Net,Sale
Frais,Terre,Fraîche,Paix,Sérieux,Clair,Faux
Propre,Vert,Naturelle,Respect,Solide,Sain,Mauvais
Écologique,Doux,Saine,Amour,Fiable,Pur,Rude
Rustique,Léger,Limpide,Joie,Honnête,Rapide,Triste
Simple,Calme,Douce,Harmonie,Équitable,Facile,Sombre
Vrai,Serein,Rafraîchissante,Ensemble,Loyal,Efficient,Nocif
Pureté,Vent,Flux,Coeur,Ordre,Nettoyage,Bruit
Fraîcheur,Soleil,Goutte,Aide,Loi,Tri,Chaos
Vitalité,Pluie,Ondée,Force,Règle,Épuration,Trouble
Terroir,Douceur,Ruisseau,Unité,Structure,Clarté,Confusion
Croissance,Harmonie,Source,Famille,Stabilité,Pureté,Désordre
Verdure,Lumière,Courant,Amitié,Cadre,Ordre,Erreur
Éclat,Chaleur,Cascade,Soutien,Autorité,Rangement,Conflit
Vie,Brise,Vague,Paix,Directive,Triage,Obstacle
Clarté,Nuage,Mare,Amour,Consigne,Élimination,Problème
Simplicité,Rayon,Rosée,Communauté,Gestion,Propreté,Difficulté
Biodiversité,Biodiversité,Hydrodynamique,Socioculturel,Institutionnel,Biodegradable,Catastrophique
Écosystème,Atmosphérique,Aquifère,Interculturalité,Législatif,Écotoxicologie,Dystopie
Photosynthèse,Hydrosphère,Évapotranspiration,Philanthropie,Bureaucratie,Pyrolyse,Néfaste
Biotope,Géothermie,Osmose,Solidarité,Jurisprudence,Compostabilité,Déséquilibre
Phytothérapie,Photosynthèse,Hydrologie,Égalitarisme,Administratif,Incinération,Dévastateur
Écobiologie,Climatologie,Limnologie,Sociodémographie,Gouvernemental,Recyclabilité,Corrosif
Biocénose,Météorologie,Hydrographie,Anthropologie,Réglementaire,Dépollution,Polluant
Éthologie,Bioclimatique,Aquiculture,Ethnologie,Politique,Valorisation,Toxique
Écotype,Thermodynamique,Hydrobiologie,Sociologie,Diplomatique,Compostage,Malfaisant
Biotique,Écozone,Hidrosphéric,Communautarisme,Exécutif,Enfouissement,Pervertissement
Sans OGM,Zéro déchet,Gestion de l'eau,Justice sociale,Éthique d'entreprise,Zéro gaspillage,Exploitation
Permaculture,Bas carbone,Économie d'eau,Équité,Leadership éthique,Compostable,Pollution
Agriculture durable,Durable,Eaux usées,Empowerment,Responsabilité d'entreprise,Emballage durable,Déforestation
Produits locaux,Éco-responsable,Filtration,Responsabilité communautaire,Gestion éthique,Réduction des déchets,Émission nocive
Vert,Économie verte,Sans contamination,Impact social,Prise de décision éthique,Recyclable,Surconsommation
Sain,Faible émission,Systèmes d'irrigation,Engagement social,Intégrité,Gestion écologique des déchets,Pesticides
Sans produits chimiques,Écoénergétique,Gestion durable de l'eau,Droits de l'homme,Responsabilité fiscale,Déchets organiques,Mauvaises pratiques
Cultivé localement,Alimentation durable,Ressources aquatiques,Travail équitable,Gestion transparente,Réduction,Impact négatif
Agroécologie,Agriculture à faible impact,Eau potable,Solidarité,Éthique de travail,Réutilisable,Dégradation environnementale
Culture biodynamique,Écologie urbaine,Zones humides,Participation communautaire,Responsabilité sociale d'entreprise,Upcycling,Abus environnemental
Respectueux de la biodiversité,Réduction des émissions,Récupération des eaux de pluie,Emploi équitable,Normes éthiques,Tri des déchets,Impact négatif sur la biodiversité
Sans engrais chimiques,Bilan carbone,Hydrologie,Parité,Pratiques équitables,Minimisation des déchets,Conséquences écologiques
Fermes biologiques,Mobilité durable,Aquifère,Respect des droits,Gouvernance d'entreprise,Élimination responsable,Pratiques non durables
Certification bio,Réduction de l'empreinte écologique,Préservation des rivières,Inclusion sociale,Audit éthique,Déchets verts,Exploitation des ressources
Produits frais,Économie bas carbone,Eau non polluée,Cohésion sociale,Lutte contre la corruption,Valorisation des déchets,Pollution industrielle
Cultures propres,Énergie verte,Conservation de l'eau,Responsabilité sociale,Leadership éthique,Recyclage responsable,Pratiques nuisibles
Alimentation verte,Alimentation bas carbone,Eau durable,Égalité sociale,Gestion transparente,Déchet vert,Pollution environnementale
Agriculture éco-responsable,Éco-conscient,Ressources en eau,Inclusion,Éthique commerciale,Gestion durable des déchets,Dommages écologiques
Produits naturels,Durabilité climatique,Préservation hydrique,Participation civique,Pratiques responsables,Réduction des emballages,Pratiques non responsables
Culture éthique,Consommation verte,Économie hydrique,Engagement social,Gouvernance éthique,Recyclage écologique,Impact écologique négatif
Aliments frais,Produits écologiques,Utilisation responsable de l'eau,Solidarité,Intégrité commerciale,Déchets minimisés,Détérioration environnementale
Agriculture saine,Énergie propre,Hydratation durable,Justice équitable,Conformité éthique,Compostage écologique,Abus écologique
Jardinage écologique,Réduction carbone,Gestion de l'eau écologique,Cohésion sociale,Responsabilité managériale,Recyclage vert,Pollution excessive
Culture propre,Climat responsable,Eau propre,Équité sociale,Gestion intègre,Gestion des déchets verts,Négligence environnementale
Ferme verte,Consommation consciente,Conservation aquatique,Droits humains,Éthique professionnelle,Élimination écologique,Dommage écologique
Éco-agriculture,Climato-conscient,Hydro-responsable,Conscience sociale,Transparence éthique,Zéro-impact,Éco-irresponsable
Culture durable,Éco-bilancé,Aqua-économique,Impact civique,Gouvernance verte,Déchets bio,Pollution grave
Bio-diversité,Faible empreinte,Hydro-éco,Droit équitable,Leadership durable,Éco-traitement,Dommages écologiques majeurs
Éco-fertile,Durabilité énergétique,Eau-claire,Social-éthique,Gestion équitable,Recyclage vert,Non-soutenable
Vertueux,Climato-responsable,Aqua-durable,Égalité active,Éthique opérationnelle,Gestion verte des déchets,Impact destructeur
Nature pur,Soutenabilité,Hydro-éthique,Social-responsable,Principes de responsabilité,Déchets durables,Dégradation écologique sévère
Bio-énergétique,Efficacité énergétique,Gestion aqua,Harmonie sociale,Gouvernance active,Éco-valorisation,Exploitation excessive
Éco-systémique,Vert climatique,Éco-aquatique,Équité active,Intégrité opérationnelle,Gestion zéro déchet,Contamination majeure
Agro-écologique,Éco-logique,Ressources hydriques durables,Civisme,Responsabilité opérationnelle,Recyclage éthique,Pratiques écologiques néfastes
Bio-active,Neutralité énergétique,Eau-éthique,Participation éthique,Éthique de gestion,Éco-déchets,Désastre écologique
